timestamp, clocks.current.sm [MHz], clocks.current.memory [MHz], power.draw [W], temperature.gpu, utilization.gpu [%]
2026/08/20 11:38:06.560, 2055 MHz, 8001 MHz, 14.81 W, 51, 0 %
2026/08/20 11:38:07.571, 2055 MHz, 8001 MHz, 15.33 W, 52, 8 %
2026/08/20 11:38:08.573, 2715 MHz, 8001 MHz, 31.21 W, 53, 18 %
2026/08/20 11:38:09.607, 2715 MHz, 8001 MHz, 37.38 W, 57, 99 %
2026/08/20 11:38:10.609, 2700 MHz, 8001 MHz, 48.69 W, 57, 0 %
2026/08/20 11:38:11.612, 2715 MHz, 8001 MHz, 38.53 W, 57, 100 %
2026/08/20 11:38:12.614, 2715 MHz, 8001 MHz, 38.64 W, 57, 100 %
2026/08/20 11:38:13.616, 2715 MHz, 8001 MHz, 38.55 W, 58, 100 %
2026/08/20 11:38:14.619, 2715 MHz, 8001 MHz, 38.57 W, 58, 100 %
2026/08/20 11:38:15.621, 2715 MHz, 8001 MHz, 39.51 W, 58, 100 %
2026/08/20 11:38:16.624, 2715 MHz, 8001 MHz, 38.64 W, 58, 100 %
2026/08/20 11:38:17.630, 2715 MHz, 8001 MHz, 38.69 W, 58, 100 %
2026/08/20 11:38:18.632, 2715 MHz, 8001 MHz, 38.70 W, 59, 100 %
2026/08/20 11:38:19.635, 2715 MHz, 8001 MHz, 38.87 W, 59, 100 %
2026/08/20 11:38:20.637, 2580 MHz, 8001 MHz, 137.64 W, 78, 99 %
2026/08/20 11:38:21.639, 2700 MHz, 8001 MHz, 25.31 W, 58, 0 %
2026/08/20 11:38:22.642, 2700 MHz, 8001 MHz, 44.78 W, 60, 100 %
2026/08/20 11:38:23.644, 2700 MHz, 8001 MHz, 44.62 W, 60, 100 %
2026/08/20 11:38:24.646, 2700 MHz, 8001 MHz, 44.67 W, 60, 100 %
2026/08/20 11:38:26.201, 2700 MHz, 8001 MHz, 44.75 W, 60, 100 %
2026/08/20 11:38:27.220, 2700 MHz, 8001 MHz, 44.72 W, 60, 100 %
2026/08/20 11:38:28.223, 2700 MHz, 8001 MHz, 44.73 W, 60, 100 %
2026/08/20 11:38:29.225, 2700 MHz, 8001 MHz, 44.79 W, 60, 100 %
2026/08/20 11:38:30.227, 2700 MHz, 8001 MHz, 44.85 W, 61, 100 %
2026/08/20 11:38:31.229, 2700 MHz, 8001 MHz, 44.83 W, 61, 100 %
2026/08/20 11:38:32.231, 2700 MHz, 8001 MHz, 44.91 W, 61, 100 %
2026/08/20 11:38:33.233, 2700 MHz, 8001 MHz, 44.97 W, 61, 100 %
2026/08/20 11:38:34.236, 2700 MHz, 8001 MHz, 44.94 W, 61, 100 %
2026/08/20 11:38:35.238, 2700 MHz, 8001 MHz, 44.96 W, 61, 100 %
2026/08/20 11:38:36.253, 2700 MHz, 8001 MHz, 44.98 W, 61, 100 %
2026/08/20 11:38:37.256, 2700 MHz, 8001 MHz, 44.97 W, 61, 100 %
2026/08/20 11:38:38.258, 2700 MHz, 8001 MHz, 45.01 W, 61, 100 %
2026/08/20 11:38:39.260, 2700 MHz, 8001 MHz, 45.07 W, 61, 100 %
2026/08/20 11:38:40.262, 2700 MHz, 8001 MHz, 45.05 W, 61, 100 %
2026/08/20 11:38:41.265, 2700 MHz, 8001 MHz, 45.17 W, 62, 100 %
2026/08/20 11:38:42.271, 2700 MHz, 8001 MHz, 44.99 W, 62, 100 %
2026/08/20 11:38:43.273, 2700 MHz, 8001 MHz, 45.19 W, 62, 100 %
2026/08/20 11:38:44.275, 2700 MHz, 8001 MHz, 45.19 W, 62, 100 %
2026/08/20 11:38:45.279, 2700 MHz, 8001 MHz, 45.33 W, 62, 100 %
2026/08/20 11:38:46.282, 2700 MHz, 8001 MHz, 45.25 W, 62, 100 %
2026/08/20 11:38:47.284, 2700 MHz, 8001 MHz, 45.28 W, 62, 100 %
2026/08/20 11:38:48.287, 2700 MHz, 8001 MHz, 45.20 W, 62, 100 %
2026/08/20 11:38:49.289, 2700 MHz, 8001 MHz, 45.22 W, 62, 100 %
2026/08/20 11:38:50.291, 2700 MHz, 8001 MHz, 45.23 W, 62, 100 %
2026/08/20 11:38:51.293, 2700 MHz, 8001 MHz, 45.20 W, 62, 100 %
2026/08/20 11:38:52.295, 2700 MHz, 8001 MHz, 45.17 W, 62, 100 %
2026/08/20 11:38:53.297, 2700 MHz, 8001 MHz, 45.16 W, 62, 100 %
2026/08/20 11:38:54.316, 2700 MHz, 8001 MHz, 45.21 W, 62, 100 %
2026/08/20 11:38:55.319, 2700 MHz, 8001 MHz, 45.22 W, 62, 100 %
2026/08/20 11:38:56.321, 2700 MHz, 8001 MHz, 45.23 W, 62, 100 %
2026/08/20 11:38:57.323, 2700 MHz, 8001 MHz, 45.15 W, 62, 100 %
2026/08/20 11:38:58.920, 2700 MHz, 8001 MHz, 45.11 W, 61, 100 %
2026/08/20 11:38:59.923, 2700 MHz, 8001 MHz, 45.14 W, 61, 100 %
2026/08/20 11:39:00.925, 2700 MHz, 8001 MHz, 45.17 W, 62, 100 %
2026/08/20 11:39:01.928, 2700 MHz, 8001 MHz, 45.12 W, 61, 100 %
2026/08/20 11:39:02.930, 2700 MHz, 8001 MHz, 45.13 W, 61, 100 %
2026/08/20 11:39:03.939, 2700 MHz, 8001 MHz, 45.12 W, 61, 100 %
2026/08/20 11:39:04.941, 2700 MHz, 8001 MHz, 45.14 W, 61, 100 %
2026/08/20 11:39:05.944, 2700 MHz, 8001 MHz, 45.14 W, 61, 100 %
2026/08/20 11:39:06.946, 2700 MHz, 8001 MHz, 45.16 W, 62, 100 %
2026/08/20 11:39:07.949, 2700 MHz, 8001 MHz, 45.14 W, 61, 100 %
2026/08/20 11:39:08.952, 2700 MHz, 8001 MHz, 45.13 W, 62, 100 %
2026/08/20 11:39:09.954, 2700 MHz, 8001 MHz, 45.18 W, 62, 100 %
2026/08/20 11:39:10.956, 2700 MHz, 8001 MHz, 45.18 W, 62, 100 %
2026/08/20 11:39:11.958, 2700 MHz, 8001 MHz, 45.15 W, 62, 100 %
2026/08/20 11:39:12.972, 2700 MHz, 8001 MHz, 45.17 W, 61, 100 %
2026/08/20 11:39:13.974, 2700 MHz, 8001 MHz, 45.22 W, 62, 100 %
2026/08/20 11:39:14.977, 2700 MHz, 8001 MHz, 45.37 W, 62, 100 %
2026/08/20 11:39:15.981, 2700 MHz, 8001 MHz, 45.20 W, 62, 100 %
2026/08/20 11:39:16.984, 2700 MHz, 8001 MHz, 45.21 W, 62, 100 %
2026/08/20 11:39:17.986, 2700 MHz, 8001 MHz, 45.18 W, 62, 100 %
2026/08/20 11:39:18.989, 2700 MHz, 8001 MHz, 45.19 W, 62, 100 %
2026/08/20 11:39:19.991, 2700 MHz, 8001 MHz, 45.21 W, 62, 100 %
2026/08/20 11:39:20.993, 2700 MHz, 8001 MHz, 45.21 W, 62, 100 %
2026/08/20 11:39:21.999, 2700 MHz, 8001 MHz, 45.17 W, 62, 100 %
2026/08/20 11:39:23.002, 2700 MHz, 8001 MHz, 45.22 W, 62, 100 %
2026/08/20 11:39:24.004, 2700 MHz, 8001 MHz, 45.15 W, 62, 100 %
2026/08/20 11:39:25.006, 2700 MHz, 8001 MHz, 45.18 W, 62, 100 %
2026/08/20 11:39:26.009, 2700 MHz, 8001 MHz, 45.17 W, 62, 100 %
2026/08/20 11:39:27.011, 2700 MHz, 8001 MHz, 45.20 W, 62, 100 %
2026/08/20 11:39:28.013, 2700 MHz, 8001 MHz, 45.19 W, 62, 100 %
2026/08/20 11:39:29.016, 2700 MHz, 8001 MHz, 45.20 W, 62, 100 %
2026/08/20 11:39:30.018, 2700 MHz, 8001 MHz, 45.20 W, 62, 100 %
2026/08/20 11:39:31.028, 2700 MHz, 8001 MHz, 45.23 W, 62, 100 %
2026/08/20 11:39:32.631, 2700 MHz, 8001 MHz, 45.19 W, 62, 100 %
2026/08/20 11:39:33.633, 2700 MHz, 8001 MHz, 45.19 W, 62, 100 %
2026/08/20 11:39:34.636, 2700 MHz, 8001 MHz, 45.19 W, 62, 100 %
2026/08/20 11:39:35.638, 2700 MHz, 8001 MHz, 45.26 W, 62, 100 %
2026/08/20 11:39:36.641, 2700 MHz, 8001 MHz, 45.25 W, 62, 100 %
